time_period,term,tfidf
2019-8-Q1,shootings,0.22941626547648716
2019-8-Q1,el_paso,0.22521932344035325
2019-8-Q1,toni,0.21156966747427125
2019-8-Q1,trump,0.1798276391000323
2019-8-Q1,dayton,0.15093855918169768
2019-8-Q1,morrison,0.1402124052760081
2019-8-Q1,new,0.13170474976340393
2019-8-Q1,woodstock,0.12430234285551575
2019-8-Q1,trade,0.10099399808611964
2019-8-Q1,gun,0.09408320992936137
2019-8-Q1,hong_kong,0.09163572197088836
2019-8-Q1,debates,0.09124625047613394
2019-8-Q1,briefing,0.09118021137466427
2019-8-Q1,china,0.08864742772536803
2019-8-Q1,says,0.07851629312818313
2019-8-Q1,war,0.07851629312818313
2019-8-Q1,review,0.0759835094788869
2019-8-Q1,white,0.07539845987250472
2019-8-Q1,terrorism,0.07379019470044502
2019-8-Q1,kashmir,0.07190322354182446
2019-8-Q2,trump,0.2247415334400264
2019-8-Q2,new,0.1698047141546866
2019-8-Q2,jefrey_epstein,0.15993195165479127
2019-8-Q2,el_paso,0.15476126898465326
2019-8-Q2,review,0.13734204821334944
2019-8-Q2,briefing,0.11736502301868044
2019-8-Q2,woodstock,0.11379871744122315
2019-8-Q2,hong_kong,0.10446222889757972
2019-8-Q2,war,0.09239374152534416
2019-8-Q2,summer,0.09206265700374516
2019-8-Q2,kashmir,0.08725046049460385
2019-8-Q2,august,0.08522594603522574
2019-8-Q2,weekend,0.08240522892800968
2019-8-Q2,epstein,0.08224968597413157
2019-8-Q2,airport,0.08049117125549096
2019-8-Q2,dies,0.07491384448000879
2019-8-Q2,says,0.06742246003200791
2019-8-Q2,police,0.06492533188267427
2019-8-Q2,american,0.06492533188267427
2019-8-Q2,2019,0.06340950641452434
2019-8-Q3,trump,0.23163686958792076
2019-8-Q3,greenland,0.1589107381540518
2019-8-Q3,hong_kong,0.15067834834817168
2019-8-Q3,garner,0.14443509517859054
2019-8-Q3,annual,0.12219834364183993
2019-8-Q3,briefing,0.11423188089267325
2019-8-Q3,new,0.10788566528752473
2019-8-Q3,trumps,0.08884701847207918
2019-8-Q3,contest,0.08812768737662689
2019-8-Q3,dies,0.08250080286693066
2019-8-Q3,summer,0.08232227016615473
2019-8-Q3,american,0.07932769506435641
2019-8-Q3,eric,0.07838618146012409
2019-8-Q3,review,0.07615458726178216
2019-8-Q3,man,0.0729814794592079
2019-8-Q3,pantaleo,0.07221754758929529
2019-8-Q3,recession,0.07089918473674027
2019-8-Q3,august,0.06618140875597095
2019-8-Q3,says,0.06346215605148513
2019-8-Q3,china,0.060289048248910876
2019-8-Q4,trump,0.2404558636453532
2019-8-Q4,g7,0.18337679468317447
2019-8-Q4,dorian,0.16503911521485706
2019-8-Q4,hurricane,0.15161625139245802
2019-8-Q4,new,0.12249638336650068
2019-8-Q4,war,0.1020803194720839
2019-8-Q4,summer,0.09911933859882263
2019-8-Q4,briefing,0.09754341638443573
2019-8-Q4,amazon,0.09647079282978242
2019-8-Q4,open,0.09300651329678757
2019-8-Q4,hong_kong,0.09233125553817577
2019-8-Q4,koch,0.09142039105195422
2019-8-Q4,dies,0.08846961020913939
2019-8-Q4,china,0.0862011586653153
2019-8-Q4,2019,0.08185650772791836
2019-8-Q4,trade,0.08040340768557025
2019-8-Q4,day,0.07485890094619486
2019-8-Q4,greenland,0.07350919868150728
2019-8-Q4,coco,0.07335071787326979
2019-8-Q4,johnson,0.06994132480159225
2019-9-Q1,dorian,0.3485210189412373
2019-9-Q1,bahamas,0.22146055943497775
2019-9-Q1,hurricane,0.20493078834899492
2019-9-Q1,trump,0.1464234853016158
2019-9-Q1,new,0.12934074534976062
2019-9-Q1,brexit,0.11384586803022913
2019-9-Q1,dorians,0.0941034096767226
2019-9-Q1,review,0.09273487402435668
2019-9-Q1,hong_kong,0.09105214121402036
2019-9-Q1,open,0.09029448260266308
2019-9-Q1,dies,0.09029448260266308
2019-9-Q1,briefing,0.08541369975927589
2019-9-Q1,serena,0.08214371598307635
2019-9-Q1,september,0.0786623481483675
2019-9-Q1,2019,0.07501485377638745
2019-9-Q1,life,0.0732117426508079
2019-9-Q1,bianca,0.06843884340125281
2019-9-Q1,day,0.06345017696403353
2019-9-Q1,new_york,0.06100978554233993
2019-9-Q1,summer,0.05998061372226434
2019-9-Q2,trump,0.25238954885029746
2019-9-Q2,new,0.18814493641567628
2019-9-Q2,debate,0.14939044891548414
2019-9-Q2,spring,0.11845460934497755
2019-9-Q2,fpo,0.10597012139084884
2019-9-Q2,briefing,0.1055447204283062
2019-9-Q2,executive,0.09906047697703024
2019-9-Q2,democratic,0.09799272161511548
2019-9-Q2,11,0.09636691865193177
2019-9-Q2,says,0.09407246820783814
2019-9-Q2,2020,0.09177801776374453
2019-9-Q2,dorian,0.08655662887457022
2019-9-Q2,power,0.08430337356382164
2019-9-Q2,bolton,0.08266202111669915
2019-9-Q2,dies,0.08030576554327645
2019-9-Q2,brexit,0.08027821893800037
2019-9-Q2,day,0.07571686465508923
2019-9-Q2,bahamas,0.07474446088369158
2019-9-Q2,review,0.07342241421099563
2019-9-Q2,cigarettes,0.062026235922022124
2019-9-Q3,trump,0.2614553831077567
2019-9-Q3,new,0.1547389002066315
2019-9-Q3,says,0.11472021911870955
2019-9-Q3,trudeau,0.10117192262581322
2019-9-Q3,spring,0.10050943576621987
2019-9-Q3,iran,0.10047208151063952
2019-9-Q3,review,0.0987127466835408
2019-9-Q3,briefing,0.09604483461101268
2019-9-Q3,2020,0.09604483461101268
2019-9-Q3,climate,0.09530228812241312
2019-9-Q3,whistle,0.09128202208716163
2019-9-Q3,saudis,0.08990007571849723
2019-9-Q3,blower,0.08599613423194122
2019-9-Q3,strike,0.08556615122471789
2019-9-Q3,saudi,0.08201603850998146
2019-9-Q3,rugby,0.07984287219612707
2019-9-Q3,kavanaugh,0.07443620739852637
2019-9-Q3,2019,0.0713118082936081
2019-9-Q3,dies,0.06936571388573137
2019-9-Q3,cokie,0.06721014419347669
2019-9-Q4,impeachment,0.35708958194627666
2019-9-Q4,trump,0.28841870370419065
2019-9-Q4,ukraine,0.16015740712220355
2019-9-Q4,spring,0.14170221505804628
2019-9-Q4,new,0.1360848813252167
2019-9-Q4,2020,0.1320226460617774
2019-9-Q4,emmy,0.11995771366446775
2019-9-Q4,whistle,0.11338534056988253
2019-9-Q4,emmys,0.11333858776104296
2019-9-Q4,inquiry,0.11248640857372316
2019-9-Q4,review,0.10358699921770227
2019-9-Q4,says,0.09749364632254333
2019-9-Q4,briefing,0.09140029342738436
2019-9-Q4,trumps,0.09140029342738436
2019-9-Q4,2019,0.08143596972315435
2019-9-Q4,dies,0.07921358763706644
2019-9-Q4,blower,0.07702355635938937
2019-9-Q4,september,0.07702355635938937
2019-9-Q4,complaint,0.07321002536633674
2019-9-Q4,climate,0.07048192620336108
2019-10-Q1,trump,0.3187369977794108
2019-10-Q1,impeachment,0.20152181229060215
2019-10-Q1,new,0.17928956125091858
2019-10-Q1,review,0.11952637416727906
2019-10-Q1,ukraine,0.10316779373282478
2019-10-Q1,says,0.10209544460121753
2019-10-Q1,trumps,0.09960531180606587
2019-10-Q1,joker,0.0993632719068712
2019-10-Q1,briefing,0.09462504621576258
2019-10-Q1,police,0.08964478062545929
2019-10-Q1,hong_kong,0.08727722624800915
2019-10-Q1,october,0.08111904695153924
2019-10-Q1,world,0.0796842494448527
2019-10-Q1,new_york,0.0796842494448527
2019-10-Q1,whistle,0.07623099145600391
2019-10-Q1,day,0.0747039838545494
2019-10-Q1,china,0.06972371826424613
2019-10-Q1,dies,0.06972371826424613
2019-10-Q1,million,0.06972371826424613
2019-10-Q1,salazar,0.06947606823268941
2019-10-Q2,trump,0.28980972428774865
2019-10-Q2,impeachment,0.16474545164897278
2019-10-Q2,syria,0.16273850933259346
2019-10-Q2,new,0.1459782314930882
2019-10-Q2,kurds,0.1207488462213228
2019-10-Q2,typhoon,0.10750968842415863
2019-10-Q2,debate,0.10482976174793396
2019-10-Q2,review,0.10304345752453284
2019-10-Q2,lang,0.09013454063494407
2019-10-Q2,october,0.08491812620715318
2019-10-Q2,kurdish,0.08277993006008301
2019-10-Q2,briefing,0.08157607054025517
2019-10-Q2,hagibis,0.08143026425056411
2019-10-Q2,nobel,0.07969572418719457
2019-10-Q2,china,0.0794293318418274
2019-10-Q2,turkey,0.0753755067065474
2019-10-Q2,says,0.0729891157465441
2019-10-Q2,ukraine,0.07172641674322675
2019-10-Q2,california,0.06654889965126079
2019-10-Q2,man,0.06440216095283302
2019-10-Q3,trump,0.2316210555487508
2019-10-Q3,playoffs,0.1928344505062736
2019-10-Q3,brexit,0.18718376997751265
2019-10-Q3,review,0.1535748303094978
2019-10-Q3,syria,0.15048106998192193
2019-10-Q3,new,0.12336338828139988
2019-10-Q3,impeachment,0.11943749458687535
2019-10-Q3,week,0.11832814794338355
2019-10-Q3,17,0.10540178848662432
2019-10-Q3,moma,0.1042993723953198
2019-10-Q3,debate,0.09835254665403297
2019-10-Q3,cummings,0.09204651924104323
2019-10-Q3,dies,0.0906343260842938
2019-10-Q3,make,0.08811670591528563
2019-10-Q3,elijah,0.0753450713246439
2019-10-Q3,briefing,0.07301098490123667
2019-10-Q3,mulvaney,0.07170581852178236
2019-10-Q3,says,0.0704933647322285
2019-10-Q3,deal,0.06937735596318917
2019-10-Q3,astros,0.06737627503864194
2019-10-Q4,trump,0.2344726563091291
2019-10-Q4,impeachment,0.1887477021593731
2019-10-Q4,new,0.17495267432296555
2019-10-Q4,baghdadi,0.16576622827517232
2019-10-Q4,review,0.15691631614534027
2019-10-Q4,california,0.12625450724337722
2019-10-Q4,world,0.12264723560785215
2019-10-Q4,halloween,0.1217401693971125
2019-10-Q4,al,0.11661484054746572
2019-10-Q4,nationals,0.11208089655743957
2019-10-Q4,isis,0.10216455354959612
2019-10-Q4,says,0.09559269834141418
2019-10-Q4,dies,0.09559269834141418
2019-10-Q4,series,0.08895635490815876
2019-10-Q4,briefing,0.08296724761707645
2019-10-Q4,trumps,0.08116361179931393
2019-10-Q4,brexit,0.07888199951947422
2019-10-Q4,inquiry,0.07591496887399922
2019-10-Q4,raid,0.07580756976532606
2019-10-Q4,zuckerberg,0.07554289989357886
2019-11-Q1,trump,0.2932307593159235
2019-11-Q1,new,0.17694959613891936
2019-11-Q1,2019,0.17229856212244424
2019-11-Q1,impeachment,0.14108572870666974
2019-11-Q1,election,0.11867879787681895
2019-11-Q1,review,0.10869760905676476
2019-11-Q1,kentucky,0.09323435727907883
2019-11-Q1,day,0.08594694669604654
2019-11-Q1,briefing,0.0834190953226334
2019-11-Q1,warren,0.08339621947949764
2019-11-Q1,general,0.0826797847210235
2019-11-Q1,dies,0.08089124394922027
2019-11-Q1,mormon,0.07836493023955066
2019-11-Q1,new_york,0.07330768982898088
2019-11-Q1,elizabeth,0.07123447879480688
2019-11-Q1,testimony,0.07004541650224404
2019-11-Q1,popeyes,0.06637899857359589
2019-11-Q1,results,0.0641854703847948
2019-11-Q1,november,0.06343432476494666
2019-11-Q1,mexico,0.06341034978592483
2019-11-Q2,impeachment,0.3452845994669973
2019-11-Q2,trump,0.23226543055448776
2019-11-Q2,new,0.14109582229945514
2019-11-Q2,hearings,0.14051164245870096
2019-11-Q2,day,0.10636454296420468
2019-11-Q2,review,0.10419383800575152
2019-11-Q2,hearing,0.1039322744904668
2019-11-Q2,briefing,0.08682819833812626
2019-11-Q2,bloomberg,0.08643280120794353
2019-11-Q2,says,0.08248678842121994
2019-11-Q2,deval,0.08075180895314159
2019-11-Q2,veterans,0.07626084612896689
2019-11-Q2,dies,0.07597467354586047
2019-11-Q2,ukraine,0.07542825968258482
2019-11-Q2,court,0.07163326362895417
2019-11-Q2,bolivia,0.07019006750533996
2019-11-Q2,yovanovitch,0.06729317412761801
2019-11-Q2,evo,0.06729317412761801
2019-11-Q2,hong_kong,0.06626455657469821
2019-11-Q2,morales,0.061048445116326386
2019-11-Q3,impeachment,0.31767194267414545
2019-11-Q3,trump,0.2494690489803745
2019-11-Q3,hearings,0.1818649250679729
2019-11-Q3,sondland,0.13623329198823253
2019-11-Q3,new,0.12352350968931165
2019-11-Q3,curio,0.1220317269454174
2019-11-Q3,debate,0.12090107938109765
2019-11-Q3,nov,0.10511814732696166
2019-11-Q3,hilton,0.10188585106917844
2019-11-Q3,review,0.10172524327355076
2019-11-Q3,briefing,0.09203712486654593
2019-11-Q3,gordon,0.08462649309397588
2019-11-Q3,statement,0.08453625446560163
2019-11-Q3,hong_kong,0.08215186650454442
2019-11-Q3,democratic,0.08073478739258161
2019-11-Q3,day,0.07750494725603868
2019-11-Q3,sondlands,0.07349809667575644
2019-11-Q3,hearing,0.07344486321285291
2019-11-Q3,trumps,0.07023885845078505
2019-11-Q3,dies,0.07023885845078505
2019-11-Q4,thanksgiving,0.4373663573930308
2019-11-Q4,trump,0.17884195357822635
2019-11-Q4,holiday,0.1274628123828461
2019-11-Q4,new,0.11404414431075305
2019-11-Q4,impeachment,0.1121123786361541
2019-11-Q4,nov,0.104456118159899
2019-11-Q4,black,0.10052351873843847
2019-11-Q4,day,0.08034928349166691
2019-11-Q4,ski,0.07840359248914709
2019-11-Q4,review,0.07775737112096798
2019-11-Q4,2019,0.07620841631027225
2019-11-Q4,turkey,0.07445968561992335
2019-11-Q4,tiffany,0.07289439289883846
2019-11-Q4,hong_kong,0.07033124249684815
2019-11-Q4,dies,0.06998163400887117
2019-11-Q4,books,0.06479780926747332
2019-11-Q4,briefing,0.06479780926747332
2019-11-Q4,best,0.06479780926747332
2019-11-Q4,albania,0.06360211229324579
2019-11-Q4,gallagher,0.06360211229324579
2019-12-Q1,trump,0.2437430728864021
2019-12-Q1,impeachment,0.21161641764180045
2019-12-Q1,nato,0.1897390563374521
2019-12-Q1,2019,0.18821449098481874
2019-12-Q1,new,0.15437061282805464
2019-12-Q1,review,0.11103851098158317
2019-12-Q1,beauty,0.1020293442201538
2019-12-Q1,best,0.10020548551996528
2019-12-Q1,dec,0.0957393589570641
2019-12-Q1,important,0.09509131035980288
2019-12-Q1,world,0.09478897278915636
2019-12-Q1,says,0.09208071642375187
2019-12-Q1,briefing,0.08937246005834742
2019-12-Q1,kamala,0.08672697198504473
2019-12-Q1,day,0.07041466550051614
2019-12-Q1,dies,0.07041466550051614
2019-12-Q1,weekend,0.06499815276970722
2019-12-Q1,harris,0.06343067526077832
2019-12-Q1,christmas,0.06313364645630193
2019-12-Q1,trumps,0.06228989640430275
2019-12-Q2,impeachment,0.3055762123700755
2019-12-Q2,trump,0.24865846584065304
2019-12-Q2,new,0.1961892482779464
2019-12-Q2,2019,0.14024730509959102
2019-12-Q2,articles,0.11947566041312754
2019-12-Q2,review,0.11178224611185318
2019-12-Q2,briefing,0.0980946241389732
2019-12-Q2,dies,0.08896954282371987
2019-12-Q2,zealand,0.08814640073803445
2019-12-Q2,dec,0.08736542638706925
2019-12-Q2,volcano,0.08340535073559642
2019-12-Q2,democrats,0.07756319117965323
2019-12-Q2,million,0.07756319117965323
2019-12-Q2,pensacola,0.07488001544263373
2019-12-Q2,russia,0.07129011043900776
2019-12-Q2,big,0.07071938019321324
2019-12-Q2,christmas,0.06768356159485865
2019-12-Q2,day,0.06615683953558657
2019-12-Q2,election,0.06519263791348591
2019-12-Q2,semitism,0.06166993581453506
2019-12-Q3,impeachment,0.3552670160306672
2019-12-Q3,trump,0.2933603179311673
2019-12-Q3,impeached,0.1715914774277263
2019-12-Q3,2019,0.12945638875894533
2019-12-Q3,debate,0.10511300366138718
2019-12-Q3,new,0.0996318060898304
2019-12-Q3,christmas,0.08797619559442074
2019-12-Q3,briefing,0.08579405524402063
2019-12-Q3,democrats,0.08302650507485868
2019-12-Q3,dec,0.08152954131353955
2019-12-Q3,holiday,0.07777152873351842
2019-12-Q3,review,0.07749140473653476
2019-12-Q3,brees,0.07267326341386636
2019-12-Q3,day,0.07195630439821085
2019-12-Q3,dies,0.07195630439821085
2019-12-Q3,wars,0.06858864582284263
2019-12-Q3,star,0.06642120405988694
2019-12-Q3,pelosi,0.06640108548864973
2019-12-Q3,democratic,0.06630627328409999
2019-12-Q3,india,0.06437389207314556
2019-12-Q4,christmas,0.33573981237489464
2019-12-Q4,new,0.22467582258167929
2019-12-Q4,2019,0.21558061475314194
2019-12-Q4,decade,0.15838652514783932
2019-12-Q4,year,0.12097928908244268
2019-12-Q4,dies,0.11521837055470732
2019-12-Q4,dec,0.11031246433178664
2019-12-Q4,eve,0.107754741638282
2019-12-Q4,trump,0.10369653349923658
2019-12-Q4,briefing,0.08353331865216279
2019-12-Q4,years,0.07489194086055975
2019-12-Q4,2020,0.07489194086055975
2019-12-Q4,khashoggi,0.07290848198219169
2019-12-Q4,best,0.07201148159669206
2019-12-Q4,tv,0.06913102233282438
2019-12-Q4,herman,0.06480753953972596
2019-12-Q4,day,0.06337010380508902
2019-12-Q4,women,0.06337010380508902
2019-12-Q4,seals,0.05966549226328316
2019-12-Q4,jerry,0.055464133725123765
2020-1-Q1,suleimani,0.2908890462540739
2020-1-Q1,iran,0.2297459223564991
2020-1-Q1,globes,0.19137437253557493
2020-1-Q1,new,0.16050438880318585
2020-1-Q1,suleimanis,0.15551664519619365
2020-1-Q1,australia,0.12968013283582974
2020-1-Q1,trump,0.12840351104254868
2020-1-Q1,golden,0.11699038729237188
2020-1-Q1,carlos,0.1140382361611081
2020-1-Q1,qassim,0.11347253693598393
2020-1-Q1,2020,0.10864912472831044
2020-1-Q1,briefing,0.0963026332819115
2020-1-Q1,ghosn,0.09419426828794036
2020-1-Q1,commander,0.09193181492991416
2020-1-Q1,iraq,0.09155712170045477
2020-1-Q1,strike,0.08639579433947643
2020-1-Q1,iranian,0.08580386379652583
2020-1-Q1,fires,0.08052403351898119
2020-1-Q1,impeachment,0.07924519713293067
2020-1-Q1,killing,0.0730861903369743
2020-1-Q2,iran,0.2486125333715967
2020-1-Q2,trump,0.21253643068331907
2020-1-Q2,impeachment,0.20232242595824693
2020-1-Q2,new,0.1708236732594901
2020-1-Q2,2020,0.168837351477403
2020-1-Q2,meghan,0.10410408265819834
2020-1-Q2,briefing,0.08739815841183214
2020-1-Q2,harry,0.08687176885547115
2020-1-Q2,jan,0.08228886858991696
2020-1-Q2,review,0.07945287128348377
2020-1-Q2,articles,0.07925980161071748
2020-1-Q2,ukrainian,0.07807806199364875
2020-1-Q2,trumps,0.07746654950139667
2020-1-Q2,trial,0.07700388201775119
2020-1-Q2,says,0.07548022771930958
2020-1-Q2,airliner,0.07534531693142899
2020-1-Q2,carlos,0.07338655956179972
2020-1-Q2,debate,0.07328606811808028
2020-1-Q2,warren,0.07255178392918694
2020-1-Q2,textbooks,0.07171854392789115
2020-1-Q3,impeachment,0.26467863271625125
2020-1-Q3,davos,0.2452971856108379
2020-1-Q3,trump,0.23280291141449955
2020-1-Q3,trial,0.2029450897097822
2020-1-Q3,quit,0.1552690092848391
2020-1-Q3,touchdown,0.12090320654377555
2020-1-Q3,new,0.11209029068105536
2020-1-Q3,senate,0.10104351519293514
2020-1-Q3,49ers,0.08601377877661819
2020-1-Q3,2020,0.0840677180107915
2020-1-Q3,says,0.08191213549769429
2020-1-Q3,senators,0.08151622987454052
2020-1-Q3,trumps,0.07544538795840264
2020-1-Q3,democrats,0.07328980544530543
2020-1-Q3,jan,0.07255703169578487
2020-1-Q3,coronavirus,0.07229724225409974
2020-1-Q3,mcconnell,0.07059949091210266
2020-1-Q3,managers,0.06988619525600227
2020-1-Q3,briefing,0.06682305790601377
2020-1-Q3,sanders,0.06603509337638681
2020-1-Q4,trump,0.27425526571762243
2020-1-Q4,witnesses,0.2490901795532719
2020-1-Q4,coronavirus,0.2424328701999164
2020-1-Q4,impeachment,0.2363561521264115
2020-1-Q4,kobe,0.21841124940235265
2020-1-Q4,bolton,0.20757514962772655
2020-1-Q4,trial,0.15826856816599966
2020-1-Q4,iowa,0.15282914871332928
2020-1-Q4,bryant,0.14211050516920798
2020-1-Q4,democrats,0.1359752998095775
2020-1-Q4,new,0.1348229667603438
2020-1-Q4,trumps,0.1348229667603438
2020-1-Q4,says,0.13021363456340898
2020-1-Q4,senators,0.12243065366532015
2020-1-Q4,grammys,0.10862942799454196
2020-1-Q4,boltons,0.10359677388493063
2020-1-Q4,schiff,0.09547716157104814
2020-1-Q4,senate,0.0924272483401009
2020-1-Q4,2020,0.0875773117417618
2020-1-Q4,lawyers,0.08702652135834155
2020-2-Q1,coronavirus,0.3348783659843645
2020-2-Q1,iowa,0.2885242815658491
2020-2-Q1,trump,0.2312219649548645
2020-2-Q1,caucuses,0.1669593909725518
2020-2-Q1,bowl,0.15148068385198835
2020-2-Q1,caucus,0.1297157445690963
2020-2-Q1,impeachment,0.12905078107736356
2020-2-Q1,foreign,0.12587342575523874
2020-2-Q1,super,0.12249347764843993
2020-2-Q1,new,0.11368413276947505
2020-2-Q1,policy,0.11110529358334292
2020-2-Q1,china,0.10019618481377462
2020-2-Q1,trumps,0.0963424853978602
2020-2-Q1,union,0.0962561491069473
2020-2-Q1,state,0.0905619362739886
2020-2-Q1,dies,0.08670823685807419
2020-2-Q1,acquittal,0.08128546778240571
2020-2-Q1,2020,0.08092768773420257
2020-2-Q1,feb,0.075866436596912
2020-2-Q1,review,0.07322028890237375
2020-2-Q2,coronavirus,0.3198153272216181
2020-2-Q2,hampshire,0.26033290161242056
2020-2-Q2,new,0.2509137917496381
2020-2-Q2,oscars,0.18414311024052565
2020-2-Q2,trump,0.1604202930858342
2020-2-Q2,review,0.11928688460228695
2020-2-Q2,2020,0.10900353248140016
2020-2-Q2,build,0.10264370125205936
2020-2-Q2,love,0.09460683951215862
2020-2-Q2,feb,0.09254617935897463
2020-2-Q2,bloomberg,0.08969144772007775
2020-2-Q2,day,0.08638015781544918
2020-2-Q2,world,0.07815347611873973
2020-2-Q2,trumps,0.07815347611873973
2020-2-Q2,westminster,0.0777175813948954
2020-2-Q2,china,0.07609680569456237
2020-2-Q2,war,0.07404013527038501
2020-2-Q2,briefing,0.07404013527038501
2020-2-Q2,sanders,0.07269804869617978
2020-2-Q2,astros,0.0677420165985528
2020-2-Q3,coronavirus,0.3015681993471594
2020-2-Q3,nevada,0.29234169149856315
2020-2-Q3,bloomberg,0.20837093187812444
2020-2-Q3,new,0.13920055941179607
2020-2-Q3,trump,0.13675844433439613
2020-2-Q3,2020,0.12943209910219633
2020-2-Q3,briefing,0.1025688332507971
2020-2-Q3,debate,0.09805296906892673
2020-2-Q3,dies,0.09280037294119738
2020-2-Q3,democratic,0.08903596091584838
2020-2-Q3,caucuses,0.08229144154795705
2020-2-Q3,fall,0.08048856199432665
2020-2-Q3,review,0.07814768247679779
2020-2-Q3,democrats,0.07814768247679779
2020-2-Q3,sanders,0.0776902798126037
2020-2-Q3,whats,0.07326345232199794
2020-2-Q3,affleck,0.06484415330101627
2020-2-Q3,blagojevich,0.06484415330101627
2020-2-Q3,cobble,0.06152185755266575
2020-2-Q3,ship,0.059846121402303123
2020-2-Q4,coronavirus,0.5896130677064592
2020-2-Q4,trump,0.15847403878773236
2020-2-Q4,new,0.1565874430878784
2020-2-Q4,weinstein,0.12328704882133668
2020-2-Q4,2020,0.11696893339094533
2020-2-Q4,south,0.10753595489167553
2020-2-Q4,sanders,0.10447526819638946
2020-2-Q4,review,0.09810297639240574
2020-2-Q4,carolina,0.09147511938596073
2020-2-Q4,bernie,0.09037187215429364
2020-2-Q4,nevada,0.08939553634173318
2020-2-Q4,bloomberg,0.08227448481448205
2020-2-Q4,bryant,0.07462770008264295
2020-2-Q4,feb,0.07428150335540128
2020-2-Q4,harvey,0.07355911097358271
2020-2-Q4,dies,0.07169063659445035
2020-2-Q4,kobe,0.07057542342768408
2020-2-Q4,fall,0.06819681729513756
2020-2-Q4,debate,0.05937036759145524
2020-2-Q4,case,0.058484466695472664
2020-3-Q1,coronavirus,0.7157706270873498
2020-3-Q1,super,0.14989588578638668
2020-3-Q1,sanders,0.11190534955378552
2020-3-Q1,tuesday,0.10572804301455442
2020-3-Q1,trump,0.09497603864019297
2020-3-Q1,review,0.08601603499489173
2020-3-Q1,biden,0.080640032807711
2020-3-Q1,new,0.080640032807711
2020-3-Q1,2020,0.07526403062053026
2020-3-Q1,dies,0.06988802843334953
2020-3-Q1,march,0.06595418974601015
2020-3-Q1,briefing,0.06451202624616881
2020-3-Q1,bernie,0.06383017159490961
2020-3-Q1,outbreak,0.062268939782243724
2020-3-Q1,day,0.059136024058988074
2020-3-Q1,million,0.05196802114274709
2020-3-Q1,weekend,0.0483840196846266
2020-3-Q1,devs,0.04758202062878705
2020-3-Q1,fall,0.045725216803854114
2020-3-Q1,race,0.044800277553407236
2020-3-Q2,coronavirus,0.8583805917012686
2020-3-Q2,trump,0.08847898575343084
2020-3-Q2,sanders,0.08800342274336764
2020-3-Q2,biden,0.07354097517168277
2020-3-Q2,new,0.06319927553816489
2020-3-Q2,home,0.05860296458993471
2020-3-Q2,virus,0.05528039722361523
2020-3-Q2,briefing,0.052857575904646986
2020-3-Q2,pandemic,0.0525637168341705
2020-3-Q2,markets,0.0519300701191537
2020-3-Q2,march,0.04805858123840827
2020-3-Q2,new_york,0.04136679853407156
2020-3-Q2,day,0.040217720797014016
2020-3-Q2,2020,0.040217720797014016
2020-3-Q2,bernie,0.0395182108255103
2020-3-Q2,review,0.03791956532289893
2020-3-Q2,joe,0.03710585004677242
2020-3-Q2,fight,0.0344723321117263
2020-3-Q2,just,0.0344723321117263
2020-3-Q2,president,0.0344723321117263
2020-3-Q3,coronavirus,0.7556677636289757
2020-3-Q3,primary,0.2360111109512301
2020-3-Q3,results,0.2168168277988876
2020-3-Q3,election,0.16863162041736462
2020-3-Q3,district,0.15977278616425594
2020-3-Q3,virus,0.13033386741319306
2020-3-Q3,house,0.11429934985197256
2020-3-Q3,pandemic,0.10723313554180926
2020-3-Q3,california,0.08940246176540427
2020-3-Q3,illinois,0.07674512199851373
2020-3-Q3,supported,0.06365407195990863
2020-3-Q3,home,0.06337389694762835
2020-3-Q3,ventilators,0.059640533991369975
2020-3-Q3,2020,0.05658383656038246
2020-3-Q3,trump,0.05545215982917481
2020-3-Q3,live,0.053130510542457335
2020-3-Q3,presidential,0.050139193977542934
2020-3-Q3,briefing,0.04866209944192892
2020-3-Q3,new,0.04866209944192892
2020-3-Q3,brady,0.046882835732065586
2020-3-Q4,coronavirus,0.8252972180415719
2020-3-Q4,virus,0.15310364025549567
2020-3-Q4,pandemic,0.12381767452198475
2020-3-Q4,stimulus,0.08884526004009219
2020-3-Q4,dies,0.08445018017513413
2020-3-Q4,home,0.0790367070869845
2020-3-Q4,trump,0.07145784476357503
2020-3-Q4,quarantine,0.061583791210292324
2020-3-Q4,lockdown,0.05875073084011277
2020-3-Q4,crisis,0.05635596945408829
2020-3-Q4,briefing,0.05630012011675607
2020-3-Q4,help,0.055217425499126165
2020-3-Q4,new,0.046555868558086765
2020-3-Q4,time,0.045473173940456836
2020-3-Q4,fight,0.04439047932282692
2020-3-Q4,day,0.04330778470519698
2020-3-Q4,new_york,0.042225090087567065
2020-3-Q4,health,0.041142395469937136
2020-3-Q4,need,0.04005970085230722
2020-3-Q4,covid,0.04000118901201002
2020-4-Q1,coronavirus,0.6340981015255902
2020-4-Q1,primary,0.27790601767013584
2020-4-Q1,results,0.2561231123144557
2020-4-Q1,district,0.2260494480203113
2020-4-Q1,election,0.20319435276810574
2020-4-Q1,house,0.15977865289999096
2020-4-Q1,pandemic,0.14294728992257824
2020-4-Q1,virus,0.12016261516200688
2020-4-Q1,count,0.1103146217792088
2020-4-Q1,california,0.10271484829285134
2020-4-Q1,map,0.0973155985629848
2020-4-Q1,dies,0.0811574109968208
2020-4-Q1,trump,0.07988932644999548
2020-4-Q1,case,0.07228081916904354
2020-4-Q1,supported,0.07132668081699421
2020-4-Q1,home,0.06847656552856755
2020-4-Q1,texas,0.06738493313763974
2020-4-Q1,masks,0.06237778422123614
2020-4-Q1,wisconsin,0.061655541044287124
2020-4-Q1,2020,0.059599973700790274
2020-4-Q2,coronavirus,0.6596067454537257
2020-4-Q2,pandemic,0.2270185909820943
2020-4-Q2,virus,0.1726510383303578
2020-4-Q2,trump,0.12474616916241907
2020-4-Q2,new,0.09790205681101244
2020-4-Q2,dies,0.0915857950812697
2020-4-Q2,briefing,0.08684859878396264
2020-4-Q2,stimulus,0.08533129152559099
2020-4-Q2,quarantine,0.06075884212587311
2020-4-Q2,day,0.058425421000120326
2020-4-Q2,virtual,0.0554670760891593
2020-4-Q2,sanders,0.05395540053822377
2020-4-Q2,covid,0.05250607550549702
2020-4-Q2,biden,0.05210915927037759
2020-4-Q2,world,0.0505300938379419
2020-4-Q2,bernie,0.05042702026526365
2020-4-Q2,masks,0.049429613523365175
2020-4-Q2,help,0.04895102840550622
2020-4-Q2,new_york,0.04895102840550622
2020-4-Q2,2020,0.04737196297307053
2020-4-Q3,coronavirus,0.5879132977381474
2020-4-Q3,pandemic,0.18041613642511248
2020-4-Q3,virus,0.15843666703894368
2020-4-Q3,trump,0.13322011242411552
2020-4-Q3,dies,0.10692666918251376
2020-4-Q3,birth,0.0892810629674613
2020-4-Q3,kids,0.08764481080533915
2020-4-Q3,fertility,0.08623455127952717
2020-4-Q3,day,0.08589191458923237
2020-4-Q3,baby,0.08377282445715656
2020-4-Q3,new,0.07712743350869845
2020-4-Q3,home,0.0718687448603781
2020-4-Q3,pregnancy,0.0716847042511803
2020-4-Q3,know,0.06836295242816454
2020-4-Q3,lockdown,0.0671422396585979
2020-4-Q3,testing,0.06114596040872811
2020-4-Q3,earth,0.060144581491552836
2020-4-Q3,relief,0.058791329773814724
2020-4-Q3,briefing,0.05784557513152384
2020-4-Q3,childbirth,0.057536756636679384
2020-4-Q4,coronavirus,0.5359799176591223
2020-4-Q4,pandemic,0.18356196725829207
2020-4-Q4,virus,0.17965077957476158
2020-4-Q4,dies,0.14497809059721214
2020-4-Q4,covid,0.14395202265274806
2020-4-Q4,trump,0.14135363833228182
2020-4-Q4,new,0.12866805540502574
2020-4-Q4,draft,0.10206289804392688
2020-4-Q4,19,0.08458353220876139
2020-4-Q4,briefing,0.08155017596093182
2020-4-Q4,home,0.08155017596093182
2020-4-Q4,ramadan,0.07474117498417288
2020-4-Q4,april,0.071234734267703
2020-4-Q4,reopening,0.07058190632130218
2020-4-Q4,amash,0.06352805711048999
2020-4-Q4,disinfectant,0.06352805711048999
2020-4-Q4,world,0.06342791463628031
2020-4-Q4,lockdown,0.06073794053553355
2020-4-Q4,new_york,0.059803462371350015
2020-4-Q4,house,0.059803462371350015
2020-5-Q1,coronavirus,0.4681495501720564
2020-5-Q1,pandemic,0.2283519738472537
2020-5-Q1,virus,0.18524276903295392
2020-5-Q1,new,0.1821296530960161
2020-5-Q1,covid,0.10562893487079096
2020-5-Q1,briefing,0.10165375986754384
2020-5-Q1,trump,0.09953597320363668
2020-5-Q1,dies,0.09530039987582237
2020-5-Q1,review,0.0931826132119152
2020-5-Q1,home,0.08259367989237938
2020-5-Q1,reopening,0.07423448736243493
2020-5-Q1,tara,0.07128482123249273
2020-5-Q1,lockdown,0.06421909613829853
2020-5-Q1,day,0.06353359991721491
2020-5-Q1,vaccine,0.06275573681366532
2020-5-Q1,livestreaming,0.06256247078006576
2020-5-Q1,reade,0.06256247078006576
2020-5-Q1,hornets,0.06224325754118044
2020-5-Q1,whats,0.059298026589400574
2020-5-Q1,19,0.05722617544586602
2020-5-Q2,coronavirus,0.4538671806631737
2020-5-Q2,pandemic,0.22078954722295827
2020-5-Q2,virus,0.17703139316544872
2020-5-Q2,flynn,0.12152256145522275
2020-5-Q2,arbery,0.11567616881426362
2020-5-Q2,ahmaud,0.11567616881426362
2020-5-Q2,new,0.1018483825783123
2020-5-Q2,trump,0.09988975983642168
2020-5-Q2,dies,0.09793113709453106
2020-5-Q2,covid,0.09407214961040684
2020-5-Q2,day,0.0920552688688592
2020-5-Q2,reopening,0.08772626278359184
2020-5-Q2,briefing,0.08617940064318734
2020-5-Q2,home,0.08422077790129671
2020-5-Q2,quarantine,0.08191667728032102
2020-5-Q2,silk,0.08172409819217344
2020-5-Q2,fauci,0.07886472803683342
2020-5-Q2,praying,0.07429463472015768
2020-5-Q2,reopen,0.06553334182425682
2020-5-Q2,19,0.05773668788865278
2020-5-Q3,coronavirus,0.3480230389781522
2020-5-Q3,pandemic,0.2346660383423809
2020-5-Q3,virus,0.17948684821557165
2020-5-Q3,trump,0.13337883905715633
2020-5-Q3,dies,0.1256839060346281
2020-5-Q3,new,0.11798897301209985
2020-5-Q3,joy,0.10895208923039117
2020-5-Q3,briefing,0.09746915161869116
2020-5-Q3,day,0.092339196270339
2020-5-Q3,summer,0.08055459818197322
2020-5-Q3,reopening,0.07492484409299119
2020-5-Q3,2020,0.07438435255110643
2020-5-Q3,lockdown,0.07368591369073632
2020-5-Q3,home,0.06925439720275425
2020-5-Q3,cyclone,0.06911577864716767
2020-5-Q3,covid,0.06633588877224995
2020-5-Q3,hydroxychloroquine,0.06492319849414868
2020-5-Q3,amphan,0.06461701684608476
2020-5-Q3,zip,0.0636126945173728
2020-5-Q3,end,0.0628287764522046
2020-5-Q4,coronavirus,0.346933508088331
2020-5-Q4,trump,0.22331472976507524
2020-5-Q4,pandemic,0.19805305771162027
2020-5-Q4,lockdown,0.16292873547444806
2020-5-Q4,minneapolis,0.1629005259063486
2020-5-Q4,spacex,0.15381881523216176
2020-5-Q4,floyd,0.11877132692783038
2020-5-Q4,dies,0.11697438225789655
2020-5-Q4,covid,0.10607884006833516
2020-5-Q4,hong_kong,0.09858904533942553
2020-5-Q4,new,0.09145269885617367
2020-5-Q4,day,0.0893258919060301
2020-5-Q4,launch,0.0814502629531743
2020-5-Q4,police,0.08081866410545581
2020-5-Q4,briefing,0.08081866410545581
2020-5-Q4,reopening,0.07869237835049482
2020-5-Q4,virus,0.07751323889179948
2020-5-Q4,twitter,0.0741942654810884
2020-5-Q4,protests,0.07302721443869044
2020-5-Q4,home,0.07018462935473793
2020-6-Q1,coronavirus,0.2951803048249419
2020-6-Q1,protests,0.2457865498938112
2020-6-Q1,police,0.2327805815765539
2020-6-Q1,floyd,0.22779688492340666
2020-6-Q1,trump,0.18274363413486475
2020-6-Q1,pandemic,0.1421679129005553
2020-6-Q1,primary,0.13585500329962966
2020-6-Q1,george,0.13370192762753574
2020-6-Q1,minneapolis,0.12742417124273242
2020-6-Q1,congressional,0.12144644424056167
2020-6-Q1,protesters,0.11514893315682775
2020-6-Q1,election,0.11323923283559192
2020-6-Q1,district,0.10548412773086416
2020-6-Q1,results,0.10294596752863304
2020-6-Q1,new_york,0.08919629761344589
2020-6-Q1,black,0.08437433034808807
2020-6-Q1,dies,0.08266973925148642
2020-6-Q1,curfew,0.08093091170130602
2020-6-Q1,says,0.08049421979749995
2020-6-Q1,briefing,0.08049421979749995
2020-6-Q2,coronavirus,0.236410852338888
2020-6-Q2,police,0.21125732318029727
2020-6-Q2,trump,0.17754604820471792
2020-6-Q2,black,0.15597557771109616
2020-6-Q2,pandemic,0.14686642909467354
2020-6-Q2,virus,0.13105443276722153
2020-6-Q2,floyd,0.12550685778065032
2020-6-Q2,new,0.1123709165852645
2020-6-Q2,fowl,0.10379792426543763
2020-6-Q2,protests,0.09957237837859312
2020-6-Q2,briefing,0.09214415159991687
2020-6-Q2,dies,0.09214415159991687
2020-6-Q2,statue,0.0857303980693349
2020-6-Q2,lives,0.08559736004799881
2020-6-Q2,atlanta,0.0809647567133936
2020-6-Q2,says,0.07865964160968515
2020-6-Q2,review,0.07191738661456927
2020-6-Q2,matter,0.06908936405333346
2020-6-Q2,pride,0.06870982927545176
2020-6-Q2,covid,0.06642641720886658
2020-6-Q3,juneteenth,0.4148306889356707
2020-6-Q3,trump,0.216578537414538
2020-6-Q3,coronavirus,0.18960790311309225
2020-6-Q3,pandemic,0.15764680804432568
2020-6-Q3,tulsa,0.1497391857752674
2020-6-Q3,black,0.13787907570499522
2020-6-Q3,bolton,0.11360892949129064
2020-6-Q3,new,0.1093614396845687
2020-6-Q3,dies,0.10507275577536992
2020-6-Q3,virus,0.09065668729847144
2020-6-Q3,rayshard,0.09020455607550673
2020-6-Q3,china,0.07934065232017729
2020-6-Q3,briefing,0.0771963103655779
2020-6-Q3,court,0.0771963103655779
2020-6-Q3,confederate,0.0749239974114355
2020-6-Q3,floyd,0.07484410471457972
2020-6-Q3,policing,0.07270971487442601
2020-6-Q3,flag,0.07098947488485682
2020-6-Q3,rally,0.07033428979228716
2020-6-Q3,day,0.06647460059258098
2020-6-Q4,primary,0.4899779941721764
2020-6-Q4,results,0.44388503486853176
2020-6-Q4,election,0.35620014325826216
2020-6-Q4,district,0.3479011090062457
2020-6-Q4,house,0.1927335141181443
2020-6-Q4,coronavirus,0.12308967163676415
2020-6-Q4,congressional,0.11569008072173698
2020-6-Q4,california,0.1145983056918696
2020-6-Q4,texas,0.09717536796452106
2020-6-Q4,virus,0.09618905599119144
2020-6-Q4,presidential,0.0923146163264038
2020-6-Q4,trump,0.0859487292689022
2020-6-Q4,2020,0.08508056028638802
2020-6-Q4,live,0.08417665076998733
2020-6-Q4,supported,0.0830150801161089
2020-6-Q4,pandemic,0.07800915619781933
2020-6-Q4,forecast,0.07014761413709218
2020-6-Q4,new,0.06945351860113308
2020-6-Q4,groups,0.050294704539753085
2020-6-Q4,republican,0.05011779501526365
2020-7-Q1,coronavirus,0.253708168078724
2020-7-Q1,congressional,0.2415344853449541
2020-7-Q1,primary,0.2253475129981368
2020-7-Q1,results,0.22073870207617674
2020-7-Q1,new,0.21609489154353947
2020-7-Q1,election,0.2129454205830673
2020-7-Q1,district,0.1983620109569197
2020-7-Q1,virus,0.1701887742530149
2020-7-Q1,july,0.14994705519822898
2020-7-Q1,trump,0.13412786371667967
2020-7-Q1,pandemic,0.1176797862495224
2020-7-Q1,dies,0.09935397312346643
2020-7-Q1,jersey,0.09762590167806673
2020-7-Q1,new_york,0.08941857581111977
2020-7-Q1,fourth,0.08288653782342323
2020-7-Q1,black,0.08112206498402562
2020-7-Q1,cases,0.07740188254619182
2020-7-Q1,delaware,0.06965758594547841
2020-7-Q1,rushmore,0.06257322841130271
2020-7-Q1,police,0.06209623320216651
2020-7-Q2,coronavirus,0.2918279956188676
2020-7-Q2,trump,0.2860580590375491
2020-7-Q2,pandemic,0.1581225048996859
2020-7-Q2,virus,0.14423417772562167
2020-7-Q2,new,0.1311995609119586
2020-7-Q2,covid,0.11919573843757462
2020-7-Q2,runoff,0.11010258697808273
2020-7-Q2,court,0.10323899875039366
2020-7-Q2,seoul,0.1013776047323645
2020-7-Q2,stone,0.09535659075005973
2020-7-Q2,says,0.09463574885452752
2020-7-Q2,reopen,0.08995474603257958
2020-7-Q2,dies,0.08818331143262792
2020-7-Q2,short,0.08362830278674471
2020-7-Q2,story,0.08341610637528613
2020-7-Q2,briefing,0.07958006153676178
2020-7-Q2,review,0.07958006153676178
2020-7-Q2,election,0.07902578498711317
2020-7-Q2,schools,0.07861609302006166
2020-7-Q2,primary,0.07855992079966928
2020-7-Q3,coronavirus,0.29077968881428
2020-7-Q3,portland,0.21355976306491206
2020-7-Q3,virus,0.2029081602717496
2020-7-Q3,pandemic,0.17685847028793206
2020-7-Q3,trump,0.1598047331198855
2020-7-Q3,new,0.12629728907861915
2020-7-Q3,covid,0.12379645936895045
2020-7-Q3,says,0.11856480199217312
2020-7-Q3,dies,0.10825481921024503
2020-7-Q3,lewis,0.10451676337628613
2020-7-Q3,trumps,0.0953673407328349
2020-7-Q3,federal,0.092300656137223
2020-7-Q3,vaccine,0.0844179625801965
2020-7-Q3,congressional,0.07890545143726413
2020-7-Q3,briefing,0.07732487086446073
2020-7-Q3,19,0.07597995332206872
2020-7-Q3,reopening,0.0752905045056112
2020-7-Q3,election,0.07102732912625652
2020-7-Q3,say,0.06959238377801465
2020-7-Q3,police,0.06959238377801465
2020-7-Q4,coronavirus,0.3044963961709832
2020-7-Q4,trump,0.2637238708723663
2020-7-Q4,pandemic,0.1932497734614621
2020-7-Q4,virus,0.1696170822956243
2020-7-Q4,portland,0.15062716122625372
2020-7-Q4,new,0.122166204889405
2020-7-Q4,covid,0.11462977468130672
2020-7-Q4,dies,0.10665303601455993
2020-7-Q4,lewis,0.1004740405501396
2020-7-Q4,review,0.08532242881164794
2020-7-Q4,briefing,0.0833832827022923
2020-7-Q4,big,0.0833832827022923
2020-7-Q4,mars,0.07622368717213886
2020-7-Q4,summer,0.06619565018133547
2020-7-Q4,says,0.06593096771809158
2020-7-Q4,day,0.06399182160873594
2020-7-Q4,china,0.06399182160873594
2020-7-Q4,tech,0.06312838626239982
2020-7-Q4,week,0.06205267549938031
2020-7-Q4,trumps,0.06011352939002468
